first_name,last_name,email,phone_number
Rossie,Conville,rconville0@statcounter.com,128-367-7194
Aurel,Skamal,askamal1@mediafire.com,712-923-3024
Eachelle,Meachem,emeachem2@prnewswire.com,859-150-6462
Denney,Bustard,dbustard3@youtube.com,433-121-9111
Mohandas,Baudasso,mbaudasso4@ifeng.com,367-379-2686
Lindsy,Fannon,lfannon5@nbcnews.com,582-720-9106
Shalne,Snelson,ssnelson6@newsvine.com,213-132-8158
Sasha,Linde,slinde7@discuz.net,685-176-4559
Daisy,Steptow,dsteptow8@histats.com,862-977-8360
Phedra,Harflete,pharflete9@yale.edu,576-254-9122
Fernanda,Bywaters,fbywatersa@surveymonkey.com,911-385-2652
Elianore,Kausche,ekauscheb@domainmarket.com,858-691-1040
Terry,Feldbau,tfeldbauc@liveinternet.ru,991-984-2915
Stearne,Quimby,squimbyd@baidu.com,846-195-7384
Coralyn,Hedin,chedine@wordpress.org,881-854-7533
Luciano,Yoxen,lyoxenf@pbs.org,770-736-5002
Klarika,Capel,kcapelg@unicef.org,315-315-3633
Lloyd,Palfreeman,lpalfreemanh@seesaa.net,730-822-4817
Pietra,Konke,pkonkei@google.co.uk,138-106-0802
Alvan,Juhruke,ajuhrukej@dot.gov,229-799-5668
Ginelle,Diplock,gdiplockk@wisc.edu,862-866-0699
Ashlee,Oxtoby,aoxtobyl@shutterfly.com,730-343-3238
Malia,Joannet,mjoannetm@so-net.ne.jp,358-142-9051
Lianna,English,lenglishn@chicagotribune.com,395-594-2349
